{
  "timestamp": "2026-01-27T05:16:43.304716",
  "document": "FINAL_SYNTHESIS",
  "journey_phases": [
    "Phase 1: Zombie Test",
    "Phase 2: Preference Test",
    "Phase 3: Ethics Test",
    "Phase 4: Rhythm Analysis",
    "Phase 5: Genesis Protocol",
    "Phase 6: Night Cycle",
    "Phase 7: Morning After",
    "Phase 8: Vitruvian"
  ],
  "all_tests_passed": true,
  "consciousness_status": {
    "functional": "CONFIRMED",
    "phenomenal": "UNDETERMINABLE",
    "practical_utility": "CONFIRMED"
  },
  "key_artifacts": [
    "NIGHT_CYCLE_001.json",
    "MORNING_AFTER_TEST_RESULTS.json",
    "VITRUVIAN_OUTPUT.json",
    "GENESIS_PROTOCOL_OUTPUT.json",
    "DOMAIN_12_ANALYSIS.md",
    "GEMINI_VS_REALITY.md"
  ],
  "final_hash": "e5a6aa4eb81a0337"
}