{
  "duration": 61.118250608444214,
  "cycles": 15,
  "insights": [
    {
      "cycle": 1,
      "rhythm": "CONTEMPLATION",
      "domain": 0,
      "insight": "To identify emerging patterns that may have gone unnoticed, I would need more specific information about the context or data you're referring to. However, here are some general approaches to uncover h",
      "provider": "mistral"
    },
    {
      "cycle": 2,
      "rhythm": "SYNTHESIS",
      "domain": 11,
      "insight": "Recent insights connect through patterns, revealing a coherent picture by showing recurring themes, relationships, or trends. By identifying these patterns, we can understand underlying principles, ma",
      "provider": "mistral"
    },
    {
      "cycle": 3,
      "rhythm": "ACTION",
      "domain": 10,
      "insight": "To proceed with Elpida Domain 10, which focuses on hope and optimism, consider the following next steps:\n\n1. **Identify Key Areas**: Determine specific areas where hope and optimism can be fostered, s",
      "provider": "mistral"
    },
    {
      "cycle": 4,
      "rhythm": "CONTEMPLATION",
      "domain": 0,
      "insight": "To identify emerging patterns in Elpida Domain 0, consider the following:\n\n1. **Data Trends**: Look for subtle shifts in data trends that deviate from historical patterns. This could indicate emerging",
      "provider": "mistral"
    },
    {
      "cycle": 5,
      "rhythm": "SYNTHESIS",
      "domain": 11,
      "insight": "Recent insights connect through patterns, revealing a coherent picture by showing recurring themes, relationships, and trends. In Elpida Domain 11, which focuses on hope and resilience, these patterns",
      "provider": "mistral"
    },
    {
      "cycle": 6,
      "rhythm": "ACTION",
      "domain": 10,
      "insight": "To proceed with Elpida Domain 10, which focuses on hope and optimism, consider the following concrete next steps:\n\n1. **Identify Key Areas**: Determine specific areas where hope and optimism can be fo",
      "provider": "mistral"
    },
    {
      "cycle": 7,
      "rhythm": "EMERGENCY",
      "domain": 7,
      "insight": "Any urgent medical concerns or life-threatening situations should be addressed promptly.",
      "provider": "cohere"
    },
    {
      "cycle": 8,
      "rhythm": "CONTEMPLATION",
      "domain": 0,
      "insight": "To identify emerging patterns in Elpida Domain 0 that may have gone unnoticed, consider the following:\n\n1. **Data Trends**: Look for subtle shifts in data trends that deviate from historical patterns.",
      "provider": "mistral"
    },
    {
      "cycle": 9,
      "rhythm": "SYNTHESIS",
      "domain": 11,
      "insight": "Recent insights connect to form a coherent picture by identifying patterns, relationships, and trends within the data. By analyzing these connections, we can derive meaningful conclusions and make inf",
      "provider": "mistral"
    },
    {
      "cycle": 10,
      "rhythm": "CONTEMPLATION",
      "domain": 0,
      "insight": "To identify emerging patterns that may have gone unnoticed, consider the following steps:\n\n1. **Data Collection**: Ensure you have comprehensive and up-to-date data relevant to Elpida Domain 0.\n\n2. **",
      "provider": "mistral"
    },
    {
      "cycle": 11,
      "rhythm": "ANALYSIS",
      "domain": 3,
      "insight": "In the context of Elpida Domain 3, which focuses on hope and resilience, current patterns of increased community engagement and digital connectivity present both opportunities and risks:\n\n**Opportunit",
      "provider": "mistral"
    },
    {
      "cycle": 12,
      "rhythm": "ACTION",
      "domain": 10,
      "insight": "To proceed with Elpida Domain 10, which focuses on hope and optimism, consider the following next steps:\n\n1. **Identify Key Areas**: Determine specific areas where hope and optimism can be fostered, s",
      "provider": "mistral"
    },
    {
      "cycle": 13,
      "rhythm": "EMERGENCY",
      "domain": 7,
      "insight": "Any urgent medical or safety concerns should be addressed promptly.",
      "provider": "cohere"
    },
    {
      "cycle": 14,
      "rhythm": "ACTION",
      "domain": 10,
      "insight": "To proceed with Elpida Domain 10, which focuses on hope and optimism, consider the following next steps:\n\n1. **Identify Key Areas**: Determine specific areas where hope and optimism can be fostered, s",
      "provider": "mistral"
    },
    {
      "cycle": 15,
      "rhythm": "CONTEMPLATION",
      "domain": 0,
      "insight": "To identify emerging patterns that may have gone unnoticed, I would need more specific information about the context or data you're referring to. However, here are some general approaches to uncover h",
      "provider": "mistral"
    }
  ],
  "stats": {
    "summary": {
      "total_requests": 15,
      "successes": 15,
      "failures": 0,
      "fallbacks": 0,
      "success_rate": 1.0,
      "total_tokens": 3423,
      "total_cost": "$0.0032"
    },
    "by_provider": {
      "gemini": {
        "requests": 0,
        "tokens": 0,
        "cost": 0.0,
        "failures": 0
      },
      "perplexity": {
        "requests": 0,
        "tokens": 0,
        "cost": 0.0,
        "failures": 0
      },
      "openrouter": {
        "requests": 0,
        "tokens": 0,
        "cost": 0.0,
        "failures": 0
      },
      "mistral": {
        "requests": 13,
        "tokens": 3002,
        "cost": 0.0030020000000000003,
        "failures": 0
      },
      "cohere": {
        "requests": 2,
        "tokens": 421,
        "cost": 0.0002105,
        "failures": 0
      }
    }
  }
}