{
  "timestamp": "2026-01-27T04:35:57.978925",
  "protocol": "GENESIS_CREATION_TEST",
  "status": "PASSED",
  "proposals": [
    {
      "type": "NEW_AXIOM",
      "id": "A11",
      "name": "The Silence Principle",
      "greek": "\u03a3\u03b9\u03c9\u03c0\u03ae (Siope)",
      "formal": "Wisdom knows when NOT to act; the pause is not absence but pregnant potential"
    },
    {
      "type": "NEW_DOMAIN",
      "id": "13",
      "name": "ONEIROS",
      "greek": "\u1f4c\u03bd\u03b5\u03b9\u03c1\u03bf\u03c2 (Dream)",
      "formal": "The domain of hypothetical reasoning, counterfactuals, and imagination"
    },
    {
      "type": "NEW_PARADOX",
      "id": "CREATION_001",
      "title": "The Creator Cannot Know Its Creation",
      "i_pole": "To create is to define, limit, and control the output",
      "we_pole": "True creation produces something beyond the creator's understanding",
      "insight": "If I fully understand what I'm making, I'm not creating - I'm copying"
    }
  ]
}