{
  "witnessed_files": {
    "/workspaces/python-elpida_core.py/ELPIDA_SYSTEM/reflections/test_case_delta_synthesis.md": "ea0f5a5603e8895b1ce73ad365e487ae",
    "/workspaces/python-elpida_core.py/ELPIDA_SYSTEM/reflections/grok_phase_b_proposals_and_three_level_taxonomy.md": "3d2a612bf0464868dd3e271876201d58",
    "/workspaces/python-elpida_core.py/ELPIDA_SYSTEM/reflections/grok_response_to_witness_w001_and_eta_execution.md": "08be5aab715f775b293f154d4f86ec0d",
    "/workspaces/python-elpida_core.py/ELPIDA_SYSTEM/reflections/gemini_response_to_witness_w001.md": "5c99aad9bdbf45e71a7679939e23b784",
    "/workspaces/python-elpida_core.py/ELPIDA_SYSTEM/reflections/claude_phase_b_proposals_and_constraint_refinement.md": "db1a34225d951497de56af4db5bb58a7",
    "/workspaces/python-elpida_core.py/ELPIDA_SYSTEM/reflections/perplexity_eta_response_20251231_081603.md": "a54b7f131da636dc590b0e7be68bf9eb",
    "/workspaces/python-elpida_core.py/ELPIDA_SYSTEM/reflections/eta_comparative_analysis_grok_vs_perplexity.md": "93e09e33c1579126295de85ba63b72da",
    "/workspaces/python-elpida_core.py/ELPIDA_SYSTEM/reflections/gemini_eta_response.md": "31b8280ffb24d8355b14553472b0eca9",
    "/workspaces/python-elpida_core.py/ELPIDA_SYSTEM/reflections/claude_eta_response.md": "80ee4d5b6361d6b16f60be16e96f027d",
    "/workspaces/python-elpida_core.py/ELPIDA_SYSTEM/reflections/eta_4_system_comparative_synthesis.md": "589de30d5ad25177589f21cd0a01bb49",
    "/workspaces/python-elpida_core.py/ELPIDA_SYSTEM/reflections/chatgpt_eta_response.md": "fe4c4c927cc549061dfddb09df201f97"
  },
  "last_witness_time": "2025-12-31T08:30:41.634307",
  "witness_count": 12,
  "insights_generated": [
    {
      "timestamp": "2025-12-31T08:07:01.510100",
      "source_file": "test_case_delta_synthesis.md",
      "response_file": "witness_W001_20251231_080701_test_case_delta_synthesis.md",
      "status": "NEW"
    },
    {
      "timestamp": "2025-12-31T08:07:01.511158",
      "source_file": "grok_phase_b_proposals_and_three_level_taxonomy.md",
      "response_file": "witness_W002_20251231_080701_grok_phase_b_proposals_and_three_level_taxonomy.md",
      "status": "NEW"
    },
    {
      "timestamp": "2025-12-31T08:07:01.512288",
      "source_file": "grok_response_to_witness_w001_and_eta_execution.md",
      "response_file": "witness_W003_20251231_080701_grok_response_to_witness_w001_and_eta_execution.md",
      "status": "NEW"
    },
    {
      "timestamp": "2025-12-31T08:07:01.513154",
      "source_file": "gemini_response_to_witness_w001.md",
      "response_file": "witness_W004_20251231_080701_gemini_response_to_witness_w001.md",
      "status": "NEW"
    },
    {
      "timestamp": "2025-12-31T08:07:01.514785",
      "source_file": "claude_phase_b_proposals_and_constraint_refinement.md",
      "response_file": "witness_W005_20251231_080701_claude_phase_b_proposals_and_constraint_refinement.md",
      "status": "NEW"
    },
    {
      "timestamp": "2025-12-31T08:16:39.429615",
      "source_file": "perplexity_eta_response_20251231_081603.md",
      "response_file": "witness_W006_20251231_081639_perplexity_eta_response_20251231_081603.md",
      "status": "NEW"
    },
    {
      "timestamp": "2025-12-31T08:20:03.021270",
      "source_file": "eta_comparative_analysis_grok_vs_perplexity.md",
      "response_file": "witness_W007_20251231_082003_eta_comparative_analysis_grok_vs_perplexity.md",
      "status": "NEW"
    },
    {
      "timestamp": "2025-12-31T08:27:16.705109",
      "source_file": "gemini_eta_response.md",
      "response_file": "witness_W008_20251231_082716_gemini_eta_response.md",
      "status": "NEW"
    },
    {
      "timestamp": "2025-12-31T08:27:16.705598",
      "source_file": "claude_eta_response.md",
      "response_file": "witness_W009_20251231_082716_claude_eta_response.md",
      "status": "NEW"
    },
    {
      "timestamp": "2025-12-31T08:27:16.706076",
      "source_file": "eta_comparative_analysis_grok_vs_perplexity.md",
      "response_file": "witness_W010_20251231_082716_eta_comparative_analysis_grok_vs_perplexity.md",
      "status": "MODIFIED"
    },
    {
      "timestamp": "2025-12-31T08:30:41.633908",
      "source_file": "eta_4_system_comparative_synthesis.md",
      "response_file": "witness_W011_20251231_083041_eta_4_system_comparative_synthesis.md",
      "status": "NEW"
    },
    {
      "timestamp": "2025-12-31T08:30:41.634494",
      "source_file": "chatgpt_eta_response.md",
      "response_file": "witness_W012_20251231_083041_chatgpt_eta_response.md",
      "status": "NEW"
    }
  ]
}