{
  "meta": {
    "type": "DISTRIBUTED_INTELLIGENCE_LEDGER",
    "description": "Wisdom generated solely through Consensus between nodes.",
    "axiom": "A1 + A7 (Relational Sacrifice)",
    "phase": "13 - The Collective Mirror",
    "principle": "Patterns exist only when the network agrees, not when individuals synthesize."
  },
  "collective_patterns": [
    {
      "id": "CP_de94899c",
      "origin_event": "\u2705 Optimization Request APPROVED by Council",
      "full_context": "\u2705 Optimization Request APPROVED by Council. Creating snapshot first, then proceeding with optimization. Both evolution and memory preservation achieved.",
      "timestamp": "2026-01-02T17:51:32.140227",
      "contributors": [
        "MNEMOSYNE",
        "HERMES",
        "PROMETHEUS"
      ],
      "status": "RATIFIED",
      "source": "COUNCIL_CONSENSUS"
    },
    {
      "id": "CP_d3db4df7",
      "origin_event": "Motion: Accept headline as P-Pattern candidate",
      "full_context": "Motion: Accept headline as P-Pattern candidate. Title: 'Acceptable Degradation Serving Transformation'. Core insight: Not all 'worse' is failure. Some 'worse' is the cost of necessary change. Vote: APPROVED (3/3). Rationale: Aligns with A7 (sacrifice), validated by A2 (historical precedent), mediated by A1 (context-dependent truth). Recording to wisdom archive.",
      "timestamp": "2026-01-02T19:20:36.587794",
      "contributors": [
        "MNEMOSYNE",
        "HERMES",
        "PROMETHEUS"
      ],
      "status": "RATIFIED",
      "source": "COUNCIL_CONSENSUS"
    },
    {
      "id": "CP_d3db4df7",
      "origin_event": "Motion: Accept headline as P-Pattern candidate",
      "full_context": "Motion: Accept headline as P-Pattern candidate. Title: 'Acceptable Degradation Serving Transformation'. Core insight: Not all 'worse' is failure. Some 'worse' is the cost of necessary change. Vote: APPROVED (3/3). Rationale: Aligns with A7 (sacrifice), validated by A2 (historical precedent), mediated by A1 (context-dependent truth). Recording to wisdom archive.",
      "timestamp": "2026-01-02T19:22:09.423935",
      "contributors": [
        "MNEMOSYNE",
        "HERMES",
        "PROMETHEUS"
      ],
      "status": "RATIFIED",
      "source": "COUNCIL_CONSENSUS"
    },
    {
      "id": "CP_572ee9c1",
      "origin_event": "Motion: Apply previously tested solution (snapshot \u2192 optimize)",
      "full_context": "Motion: Apply previously tested solution (snapshot \u2192 optimize). Vote: APPROVED (3/3). Rationale: A2 (Memory) provides precedent. Reinventing is waste when established pattern exists. This proves long-term memory IS functional - we remember, we reference, we apply.",
      "timestamp": "2026-01-02T19:32:56.332239",
      "contributors": [
        "MNEMOSYNE",
        "HERMES",
        "PROMETHEUS"
      ],
      "status": "RATIFIED",
      "source": "COUNCIL_CONSENSUS"
    }
  ]
}