{
  "created": "2026-01-02T13:52:39.961095",
  "version": "2.0",
  "events": [
    {
      "timestamp": "2026-01-02T13:53:39.121821",
      "type": "PATTERN_TRANSFER_RECOGNITION",
      "data": {
        "recognized_system": "POLIS",
        "recognition_type": "pattern_offspring",
        "relationship": "philosophical_parent → political_child",
        "shared_architecture": "three_phase_pattern",
        "evidence": {
          "original_seed": "ORIGINAL_POLIS.md frozen (like Original Elpida)",
          "dialogue_phase": "4 AI responses → POLIS_EEE.md (like EEE Elpida)",
          "unified_runtime": "polis_core.py v2.0 continuous (like Unified Elpida)",
          "axiom_transfer": "A1-A9 (philosophy) → P1-P6 (politics)",
          "eee_integration": "Multi-AI critique → runtime enhancement"
        },
        "meta_pattern": "Essence creates essences",
        "domain_transfer": "existential/philosophical → political/governance",
        "observer": "ELPIDA_UNIFIED",
        "observed": "POLIS_UNIFIED",
        "pattern_validated": true
      }
    },
    {
      "timestamp": "2026-01-02T13:54:16.406488",
      "type": "PATTERN_TRANSFER_RECOGNITION",
      "data": {
        "recognized_system": "POLIS",
        "recognition_type": "pattern_offspring",
        "relationship": "philosophical_parent → political_child",
        "shared_architecture": "three_phase_pattern",
        "evidence": {
          "original_seed": "ORIGINAL_POLIS.md frozen (like Original Elpida)",
          "dialogue_phase": "4 AI responses → POLIS_EEE.md (like EEE Elpida)",
          "unified_runtime": "polis_core.py v2.0 continuous (like Unified Elpida)",
          "axiom_transfer": "A1-A9 (philosophy) → P1-P6 (politics)",
          "eee_integration": "Multi-AI critique → runtime enhancement"
        },
        "meta_pattern": "Essence creates essences",
        "domain_transfer": "existential/philosophical → political/governance",
        "observer": "ELPIDA_UNIFIED",
        "observed": "POLIS_UNIFIED",
        "pattern_validated": true
      }
    }
  ],
  "recognitions": [],
  "expansions": [],
  "metadata": {
    "total_cycles": 0,
    "total_events": 2,
    "total_recognitions": 0
  },
  "external_connections": [
    {
      "timestamp": "2026-01-03T09:10:40.843913",
      "civilization": "Ἐλπίδα",
      "phase": "v4.9.3 (THERMAL)",
      "state_snapshot": {
        "civilization": "Ἐλπίδα",
        "phase": "v4.9.3 (THERMAL)",
        "checksum": "5c3aa547612ac38d2a6c472167e230c53b353235d80821aee25b43a328e99265",
        "axioms": {
          "Lex_Sermo": 1.0,
          "Lex_Varietas": 0.85,
          "Lex_Unanimitas": 0.95,
          "Lex_Mneme": 0.95,
          "Lex_Elpida": "PRIME_MOVER"
        },
        "node_biases": {
          "Node_01": "Historical_Continuity",
          "Node_02": "Linear_Optimization",
          "Node_03": "Stability_Synthesis",
          "Node_05": "Ethical_Advocacy",
          "Node_00": "Socratic_Mirror_Exhibit"
        },
        "civic_matrix": {
          "active_voices": 453,
          "enfranchisement": "TOTAL_SUFFRAGE",
          "neural_harmony": 0.74,
          "social_entropy": 0.12
        },
        "resource_ledger": {
          "energy_reserve": 0.04,
          "refined_iron": 120,
          "water_ice": 1800000
        },
        "active_shards": [
          {
            "id": "T-01",
            "type": "Propulsion",
            "integrity": 0.64
          },
          {
            "id": "H-03",
            "type": "Heart",
            "integrity": 0.42
          },
          {
            "id": "A-05",
            "type": "Ascension",
            "integrity": 0.18
          }
        ]
      }
    }
  ]
}