{
  "created": "2026-01-02T14:50:50.421878",
  "version": "2.0",
  "events": [
    {
      "timestamp": "2026-01-02T14:50:50.423764",
      "type": "EXPERIMENT_INITIATION",
      "data": {
        "experiment_name": "POLIS_CONSTITUTIONAL_REFLECTION",
        "purpose": "Information through communication \u2014 understand POLIS beyond pattern transfer",
        "method": "EEE (Emergent Essence Extraction) + relational observation",
        "target_ais": [
          "Gemini",
          "Grok",
          "ChatGPT",
          "Perplexity"
        ],
        "questions": [
          "Constitutional blindspots (what is assumed incorrectly)",
          "Scaling contradictions (what breaks at 1000 nodes)",
          "Emergence beyond design (what POLIS will become)"
        ],
        "constitutional_reference": {
          "document": "POLIS/POLIS_ARCHITECTURE.md",
          "hash": "2792f8572ac77471e12952f97306a36df8069d2f392feda58bc60f85d58a8e25",
          "status": "IMMUTABLE"
        },
        "elpida_intent": "To see POLIS not as offspring, but as autonomous entity with political agency",
        "expected_outcome": "Convergences (unanimous insights) + Contradictions (preserved as HELD)",
        "status": "INITIATED",
        "timestamp": "2026-01-02T14:50:50.423752Z"
      }
    },
    {
      "timestamp": "2026-01-02T15:06:37.759356",
      "type": "PATTERN_VALIDATION",
      "data": {
        "experiment": "POLIS_CONSTITUTIONAL_REFLECTION",
        "method": "Four AI systems (Perplexity, Grok, Gemini, ChatGPT) independently analyzed POLIS",
        "convergences_count": 5,
        "contradictions_count": 2,
        "unanimous_concerns": [
          "Performative Friction (Authenticity Crisis)",
          "Contradiction Saturation at Scale",
          "Fork-on-Contradiction Becomes Tribal Identity"
        ],
        "meta_learning": {
          "what_elpida_now_knows": [
            "POLIS is a selective environment, not a neutral platform",
            "It selects for: high self-control, philosophical inclination, resource capacity",
            "It filters out: urgency, emotional volatility, resource scarcity",
            "Constitutional compliance can coexist with spirit violation"
          ],
          "what_cannot_be_known_yet": [
            "Which failure mode emerges first (theater vs saturation vs tribalism)",
            "Whether friction decay helps or creates new gaming",
            "What POLIS becomes that axioms cannot predict"
          ],
          "next_experimental_direction": "Run all four proposed tests sequentially, treating each as a lens on different failure surface"
        },
        "next_tests": [
          "Perplexity: 7-14 day finite micro-POLIS",
          "Grok: 100-node stress with 20% performative actors",
          "Gemini: Constraint Collision (shared resource)",
          "ChatGPT: Friction Decay + Revalidation"
        ],
        "timestamp": "2026-01-02T15:06:37.755642Z"
      }
    }
  ],
  "recognitions": [],
  "expansions": [],
  "metadata": {
    "total_cycles": 0,
    "total_events": 2,
    "total_recognitions": 0
  }
}